Algorithm,Block Size,Key Size,Value
c-AES,128,128,24.08,23.44,24.06,24.13,22.9,23.0,23.76,23.47,21.89,23.68,24.3,0.0,0.933888,1.2288,7.585792,1.245184,0.0,1.851392,1.2288,1.359872,1.163264,-0.786432,1.785856,3.19488,0.0,0.360448,1.47456,-32.505856,-8.470528,1.654784,1.114112,1.14688,0.0,1.06496,0.884736,-2.998272
