Algorithm,Block Size,Key Size,Value
c-AES,128,128,21.19,20.88,21.24,21.28,21.16,20.79,20.87,20.82,20.33,20.91,20.97,1.39264,13.910016,-52.4288,3.014656,17.842176,6.832128,1.835008,4.603904,1.654784,17.104896,1.490944,6.176768,1.032192,5.947392,10.010624,9.945088,36.667392,2.048,2.048,2.78528,3.571712,1.441792,10.698752,45.744128,1.179648
